{"working_dir":null,"default_chunk_options":{"echo":true},"chunk_definitions":[{"row":12,"row_count":1,"visible":true,"expansion_state":0,"options":{"engine":"r","label":"setup","include":false},"document_id":"DFE6FA0F","chunk_id":"csetup_chunk","chunk_label":"setup"},{"row":22,"row_count":1,"visible":true,"expansion_state":0,"options":{"engine":"r","label":"unnamed-chunk-1"},"document_id":"DFE6FA0F","chunk_id":"cw0pdg65wjapi","chunk_label":"unnamed-chunk-1"},{"row":77,"row_count":1,"visible":true,"expansion_state":0,"options":{"engine":"r","label":"unnamed-chunk-2"},"document_id":"DFE6FA0F","chunk_id":"cerjkvqxyjt43","chunk_label":"unnamed-chunk-2"},{"row":93,"row_count":1,"visible":true,"expansion_state":0,"options":{"engine":"r","message":false,"warning":false,"label":"unnamed-chunk-3"},"document_id":"DFE6FA0F","chunk_id":"c4lwf89bmslcs","chunk_label":"unnamed-chunk-4"},{"row":104,"row_count":1,"visible":true,"expansion_state":0,"options":{"engine":"r","eval":false,"include":false,"label":"unnamed-chunk-4"},"document_id":"DFE6FA0F","chunk_id":"c62fqcc2trb5v","chunk_label":"unnamed-chunk-5"}],"doc_write_time":1695228751}